"IP","Ton","Toff","Pcg","TR","MRR","SR"
3.29251945203127,165.059054104491,48.0004893507367,0.032622408163156,486.753892818281,7.02527013808933,2.44838944151293
6.29368821181523,140.547669202336,93.1327946587734,0.0232304146201485,591.39058268734,13.0312695708373,4.30057185802951
4.71143606548554,150.737742768424,68.3181598400195,0.0324850621535957,502.163255223632,11.2120394704696,3.52586011759386
5.47450867141528,162.010456562767,51.44976656713,0.0243905063329543,511.285968706613,12.2198419446118,4.64762180862101
3.58197259954522,140.800606818186,49.7191142211714,0.0237530116735941,526.954254946061,7.17017662133615,2.96176015377424
6.27894467826408,147.799873449069,90.3247161317445,0.0395395198268875,755.904822395112,11.4051984449085,5.10569965682875
5.39471771675516,170.78496855815,97.0960037549683,0.0429018844862854,688.871687466346,9.52711962839337,3.82522486918093
5.18182258073275,177.17366898908,72.8573825937549,0.0422051669894661,733.674007605998,9.84587162802552,4.04907986507643
3.68830792646394,177.713284175555,75.3896574632332,0.0299250980756145,463.210258585605,8.06517717889679,2.06124096266608
3.43841868601692,151.190625548403,74.4281403385043,0.0359456149809761,601.872820898349,5.8899521069882,2.34649305727402
4.83102722526347,171.102924174478,76.2537817869486,0.0368083940081641,626.35624312991,9.37135909632375,3.50987303314805
3.76825848052383,149.058795818724,44.5594917864715,0.0241724527154232,502.546629235248,8.22161981540244,3.49974415069912
6.31225635074312,187.006272375612,86.0502594410043,0.0412583366471427,730.727910364822,11.9153005919407,4.77843068583742
4.2539856343626,132.796736407562,80.098166093657,0.026457479725706,622.269661152043,7.83676392870689,3.35112282566725
4.46418956339996,184.892110004929,50.0750307005688,0.0251252581547269,416.768169893492,11.6064826672721,2.83631610854199
3.47101353145446,171.00302509693,49.262455162529,0.0428023527942913,682.656452502896,6.49284613701634,3.013655941597
5.49286425302971,137.223955153418,62.487133393237,0.0255526103386818,614.342358635071,11.6642993217413,4.47746254430404
6.72472908372697,131.467210826197,75.7261401072038,0.0339893636270903,753.49061239832,13.9977041240188,6.57543221737219
3.34612893424881,154.508371030293,42.816545077515,0.0419451549732736,713.409416394653,5.53604498287918,3.41377994682152
3.93963499587881,171.913208116717,57.0098827614677,0.0262829358239432,452.354450302893,8.88667901221901,2.72871836589748
4.49793516026805,150.775960265855,47.4150094295914,0.0405163320295038,636.312262038437,10.0414409024417,4.43254068931488
4.09496350104596,108.963025376829,70.2212260811041,0.0350555137060799,755.891011283497,6.66423868481683,4.09944806065656
3.43426901343959,123.072688884587,81.2299692035219,0.016638569919715,471.051005147055,6.04845042509502,2.12107385924928
3.68130151579383,142.107358967023,49.0141583164529,0.0193033344611419,416.929521805356,9.10449566475619,2.80608984030288
5.41693207861008,120.422488992279,41.1127114591951,0.0237690042082865,657.719731506616,11.7101511891741,5.60518564185651
5.15959128279928,118.059922103039,88.5370308384311,0.0249628208803188,661.594220025705,9.06679172607379,4.16138031476706
6.843394957553,162.235853955269,91.5871261154826,0.0312684304181924,677.577070721876,14.3663729025045,6.01813797548651
5.77228850697979,166.432971904798,85.1355215560846,0.0285753381648896,604.504953761164,10.3835095637377,4.2493540048935
4.7708747081537,115.983393032741,58.9868598872234,0.0349451699972509,743.392707429411,8.88373888813945,4.72347742129196
5.59808496448438,143.045488649215,95.1224301275478,0.0205074016532683,564.725418471494,9.86108699575353,4.02736358717694
3.92931032164265,133.842720286985,80.7025446804366,0.0270387759526794,582.017333777368,7.15840559927089,2.87137470311303
6.07169475376717,187.225869035173,76.1569398505164,0.0293339989058855,446.326457453192,14.0257956042318,4.01071756236606
5.44740593069164,130.166527242993,47.4811785820435,0.021019538611997,599.850513144893,11.4315663300687,4.75085894768543
6.31040499488037,180.224830039671,89.4680300075337,0.0362507519730376,591.022323058931,13.2879289327491,4.47664190342477
4.49364028990738,105.702366154269,42.6072351152288,0.0276769160217332,680.744398010228,10.4318447870293,5.07881115173231
4.33497298833348,125.134851856807,53.4529883021769,0.0372082191435444,779.325586703989,6.90254311488798,4.63250326880849
5.91289968553659,134.347955223407,97.1651818730405,0.0320348168289278,749.137281315675,9.36221488798409,4.67991516759698
5.3632974061816,170.763012678043,84.0358545494204,0.02526662204383,457.158904620787,12.1007500708369,3.21294802988847
5.69405388741213,140.686845555516,55.4516201411561,0.0192355525754283,452.340939274942,13.3157679056375,4.6399751617783
5.4400323680145,147.128120661058,95.1253283927128,0.0261979118657781,543.134374011525,10.899701335353,3.41344431090719
5.61914574912044,166.871176175475,94.542613656134,0.0362224700513429,738.293559112079,9.59799328534591,4.03865300481387
6.45876179681749,143.261362966651,62.1552325788855,0.033246210090252,703.845767824706,14.2469464095855,5.46704819085677
6.41463795996806,115.701649917409,97.1995423500074,0.0325710673251231,724.312322983189,12.5182633808547,5.05052350116551
5.69139233474845,187.557479370678,77.8459893533766,0.0346321018843511,612.344741162463,10.6790308805082,4.06925844340722
6.60843415621874,190.455644754521,41.9555485089693,0.0418424787303772,765.201623286809,13.8799068314129,6.58193416976721
3.29687254301119,100.369965349191,81.2761694133725,0.0159744411052498,452.223065445827,6.24831709372216,2.46756243014792
4.49006783913611,146.20198343714,72.7374677465611,0.0408731019769474,700.574815471941,8.49793668692544,3.8516206231177
5.20415979381746,129.274893457532,51.962629959739,0.029736803013572,590.412899713163,11.5836061249212,4.66665423629422
3.70691383304632,101.897644499924,63.2652541992884,0.017406167187859,527.655925158045,7.72250790831338,3.39479765719393
3.18470149765807,140.784677125089,40.7693738261213,0.020638350658984,410.98615939576,7.44577433131027,2.393547243052
5.1021537311302,133.917134208401,81.6780444005625,0.0438868316511717,796.033903360418,8.13250761761962,4.66691699647969
5.13639939288526,194.567667758559,72.1478122718048,0.0333784409323923,544.9049822133,9.49904042363619,3.42107512619435
4.20227013465011,112.524690841155,63.8515310042212,0.0274370555936153,732.525908056921,6.95184167722708,3.94306756894879
5.60988586706398,105.562376536187,89.3193772229851,0.0225484501282924,698.09345701158,10.2008063345897,4.74768202728957
5.91340883409818,187.983184764044,84.1656484284553,0.039934298547148,671.633226204994,10.5686290014335,4.37438660774842
5.55969256400342,139.860293638139,83.1795778422072,0.0280854251270596,670.719250478957,10.2452867268809,4.17955415224348
3.13000040426957,110.244163541362,57.2785741459177,0.0210673239604131,571.369676286913,3.54509885335732,2.37233336864723
4.19701104792138,163.613675556067,73.2289509075578,0.0374507066826815,667.178236748677,7.59668849687619,3.2916193859757
3.8846435216622,189.097628573752,55.4038007840127,0.0324335457308067,508.545746756307,8.35752724248473,2.77221223570765
3.06758242944631,100.214565460648,41.5382776900903,0.0182599506115733,514.107011791761,5.24263135366937,3.06000153101587
5.18789414715336,114.90986131356,97.0884388119492,0.0372101266293443,752.682238245103,8.44896532087169,3.98206962414762
4.2248703430692,148.397478107897,49.8961385975018,0.0241161493617599,484.727981378238,9.61734559141208,3.69202047291459
6.38347867462196,190.883262905087,87.4745366284296,0.0243724199181884,432.376916454948,14.780384722868,3.90303391718731
4.97348473254653,149.3662422965,66.5013012613408,0.0280079657273989,601.63677575957,9.31065668705683,4.18187828587543
5.65412430832491,113.335178873693,93.7659200092249,0.0165338222138123,496.924354534131,11.5346714874038,3.89454069379219
4.73527347527471,123.136170993354,96.8103805094374,0.0167397928052286,549.596128177573,7.5749749250855,3.32581251325041
4.44618394443358,190.555894027843,59.2932282201269,0.0349137021821986,497.030484921306,9.5892431542438,2.95393840468493
5.28915141758423,125.768324248999,82.9041498409598,0.0299535054135058,710.24320457594,9.78790253280513,4.35348151152771
3.16226045104423,146.83519868301,44.6944605823978,0.0260024630473739,517.189770459494,5.37041104020192,2.34796980248773
6.08058493565835,137.715374717958,99.9637649527532,0.0357664878782695,782.724080979287,8.20880898549249,3.98398152456248
3.40061333541942,104.610500906751,47.7544413840951,0.0224510553220209,530.464857036627,7.28797981038706,3.31285244067489
4.2419413611564,111.271851529575,68.3890848768187,0.0263971225436094,612.366294499835,8.65350327281502,3.8356911732727
6.44292744230311,191.660952329523,96.6039649631677,0.037662276130754,664.361564952724,11.9822361039228,4.09591172095689
3.15201151651987,133.985119223165,78.2330801945884,0.0425820004134387,692.149831087303,3.14918463523357,2.14824977233354
5.02078647738542,160.247513452978,69.0598471488626,0.0266603910004576,649.006046596664,9.31763126531786,4.03401574013304
3.99692326378665,181.713319353988,48.4139080046922,0.0290440000317435,421.163807437254,10.8161564502473,2.73340546370422
6.554416374493,197.819391359142,83.6192781853654,0.0400884309108387,609.566873301918,13.9815906144001,4.28769007214815
4.27318468334659,109.626519436187,48.381114004278,0.0293938254911407,602.630943556597,8.92174542902104,4.52218516738395
3.87523335679301,183.099242662163,50.7390092254839,0.0283547316895432,429.516594373574,8.97266254480336,2.92166613528392
5.76040061304308,197.743417707953,76.1575319717215,0.0447639393794002,732.822824385231,11.2831704461751,4.2894560510325
5.69081460695832,110.42784491314,96.012966986503,0.0304908722791597,771.831795900556,8.69129053035659,4.59493787920556
6.84231065642099,139.005805011409,82.3813141626802,0.0325089455082933,772.916863933662,13.6580291544982,6.63529074558163
5.27390762857946,173.702277271026,85.5124229051779,0.0198892122913363,419.596810761973,12.5134086001422,2.80954819046002
4.95186696792136,140.432550726068,47.0446733875865,0.0255902079296344,601.344598313524,10.6342976056044,4.64496003203552
4.07975084671732,131.906691622718,83.9546764663508,0.0321854624231242,685.576065835487,6.77451372344186,3.24546630730908
3.83057473016311,107.650447182252,58.0527251470915,0.0162346386955117,433.531406398195,8.92953768239428,3.22417316022386
6.00957397108764,148.359797635523,40.7133187783977,0.0334269350563564,708.892874836018,11.9857063069211,6.64221105844536
6.67747702901197,184.752511966207,77.3982899445095,0.0374084307577058,708.44234207087,13.8787550908416,5.31410312762355
3.33110803351389,105.603876746146,88.3199460900068,0.0272182549419446,601.513304441115,5.02761879252834,2.44823101491236
6.10163744549838,138.283419826374,91.4684650033783,0.0237376393774892,656.310751209472,11.1804526726577,4.62603557358359
5.7247559860259,174.283171207615,89.4510654239002,0.0210452317534235,466.042222381277,11.4396721744808,3.69993462843167
6.48313131745977,187.421842460157,51.7741050124708,0.0385893282013228,617.234015737965,14.7079893297124,5.51209836000143
5.18783217765058,180.014987925897,71.6487703306601,0.0360913936191268,604.048310432791,10.0060825835953,3.86817053443879
5.00955593004903,113.994375521801,66.8941821405088,0.0308599030760572,764.95833908499,8.38938833279043,4.72411672862729
6.05405210314832,199.557045411449,70.9663973337846,0.0447355564988243,756.612507864128,11.3684991490631,4.31485306113876
5.02466744068004,160.383948176854,45.3084118459249,0.0291682709889263,510.018998913503,12.0810613446978,4.44473715241145
4.82355176473434,132.023031150585,67.0464743150036,0.0359674581299804,647.640091822818,10.177485430061,4.00838545755346
3.41259709346308,103.858010061322,84.3104038672889,0.0154902939758992,453.476695858124,6.00879273383349,2.242050721053
6.20921394035422,193.222059952776,81.8205364532916,0.0361575824535713,650.301231887667,11.5227377008615,4.70434281178957
3.43332427753479,138.186291564505,42.6408345108736,0.0229759230779076,483.16045004964,7.48869678793535,2.96954874552369
4.16135122503693,191.867341696647,44.3134605437086,0.0192837766476431,401.389076204213,12.207653256555,2.46228509195386
6.53733630716408,150.703043606192,96.2933965304206,0.0266541206796326,672.493363664709,12.0210719261933,4.85075845975433
3.04553275540183,113.287235839791,40.9255806148052,0.033648521761409,582.319729147287,3.65283103834278,2.71025050329975
5.80142284081592,181.988409650109,66.7586877727365,0.0258555436716087,563.542645569306,11.4310905426607,4.37294571342775
4.42040311325628,188.359140795165,44.7364921214127,0.0376426949085528,499.673727398502,10.7172203858765,3.60052660909403
6.21980320325063,172.921268518374,81.0246654291122,0.0385082061115862,722.406219328431,11.4836770316298,5.10966525003989
5.77739580700849,137.108152250835,71.6632074250424,0.0301265433134743,614.544244492438,12.3140672273238,4.63282396377042
4.9201791123945,159.169762107797,66.6156989779291,0.0207758842317686,481.698602406307,10.5106224294717,3.4546826908198
3.88129857138548,110.18560831981,41.1117123744838,0.0195629976288324,437.114808593935,10.585837282642,4.07558709497501
5.76053309610173,165.058121061292,66.5956535486003,0.0359495627149497,515.010140008022,13.6323123788407,4.39957851625675
5.71477038281255,178.101365456396,76.8818345578294,0.0445069998654473,770.075195454223,10.6264054847185,4.603447384363
6.38229904806035,156.423683265282,49.1814329854706,0.0185936438161142,482.553987873608,14.454435531793,5.57502247751408
3.91487978724802,137.795149461986,43.0649340714306,0.0274782232082577,684.26933047809,6.86515005884011,4.28531517443829
4.33663522137309,182.225238390873,46.3432177645889,0.0275018685510957,439.821071613545,10.7671598801724,3.28525889396532
5.68671737835428,189.741844975572,61.8680346190257,0.0311807392315831,447.86256824635,13.6574351095089,3.72975723458842
3.45093652472566,121.493724869689,60.3758802774009,0.0162333007632061,488.23548500042,6.07982727772397,2.68522729478314
4.45242559966512,139.831735583655,50.8719098746008,0.0275913872491053,590.939804268434,8.70160293506672,4.28639364553721
3.87166406177558,153.7726825009,70.578142141735,0.024314226556314,662.979350042499,5.46896933797065,3.13089480814569
5.08713989053816,197.828992623474,67.155719437649,0.044441412498296,740.3807121188,9.01690756681827,3.93505249096214
5.27845024079459,101.536289577517,61.1815736732585,0.0166853202448668,576.125876769986,10.9622019621203,5.14378726030035
6.49148177269184,120.802852059011,51.0147505926076,0.0343376824825453,792.162070882692,12.0477295974032,6.67155230453107
5.27198138626517,146.273276269174,42.1703616925111,0.0383690100287623,591.163112676988,13.2313279214637,4.81063314279741
4.16166569624029,114.54223241357,86.6669007052343,0.0159832016650388,500.628394197268,7.33089482422731,2.994994041994
4.6883178255785,103.538618209402,54.8758132223256,0.0179394687902127,520.782596915381,10.2299891826913,4.57652108405332
6.91692789885773,140.445992255287,87.0585848680579,0.0299933496029188,735.278590225446,14.9246889863192,6.77579398632578
6.21918039252857,168.923383688824,65.7214241932168,0.0289886929798322,633.045356447893,12.9214098901904,4.97093111337408
3.91312317057892,195.096212608256,67.1051214122173,0.0388358513185622,620.471061552355,6.91042147085961,2.41978383566336
6.81962894372483,172.539344846606,91.5365991982684,0.0433487690903986,784.761193828666,13.5423340912531,6.08772557918788
3.79755372370775,164.251567406585,79.1586109111248,0.0359443016454453,512.264361673943,8.35935283616753,2.44886731835507
6.85497777131142,199.273967071136,82.7892568946315,0.0437033792602649,760.824919690345,13.5852141725792,5.86393188444115
5.67304908750648,197.861317634149,74.7201321021353,0.0369353662466637,501.860122084622,12.4161334681176,3.65464004252365
3.57085659867266,134.4514230695,86.5740857952981,0.0280860772964453,626.394413578404,5.90576026442855,2.28172353596561
6.08417877400275,104.816429310804,59.9331184532566,0.0194467084199446,723.435350011534,10.7819789304341,6.11923678931791
6.2112137097355,183.486732491506,46.537198522608,0.0327529408079727,578.334682063398,12.8549153375909,5.43843210361373
3.25851828580296,120.447703107769,47.520490265007,0.027492637957012,490.657218899756,7.0700873854779,2.75493127560474
5.90846910024217,111.155553230267,90.0440511963418,0.0263286134912224,770.351946391536,9.38046800625383,5.13948301564755
5.30930508105962,126.319276829096,57.2087135451301,0.0290092313595517,681.745708731619,10.2246277903753,4.93191429378629
5.6214302530294,141.640803476326,44.495230473388,0.0236374128198405,559.990286792796,12.6171501554434,5.02479531760988
6.62496343419132,144.008427665116,92.5113701847924,0.0388455383966475,729.978192183288,13.8337108548228,5.27364970974465
4.93483771104392,161.314455599499,55.2887668753864,0.0250582227600678,537.28981267168,9.81846167904473,4.38036351266962
6.9352162273411,181.842289222049,88.7482884428473,0.0426073578412014,777.784869125361,14.7609932167148,6.7640508882038
4.77807631710363,129.514066021232,65.2877224214615,0.0222548201372943,505.73653625283,10.2786897404043,4.05698120903854
3.72717626426925,143.245510122968,94.9226369828027,0.0360136028348048,566.211463794088,7.12449076256449,2.20068451641452
3.36558117435582,100.078977076289,65.5215494562268,0.0155986752786478,544.332465342731,5.24084497385558,3.71996026003102
4.78294738237393,194.580845696091,74.7112381680072,0.0443732399364584,752.427684238462,7.91772947210483,3.39704335521072
5.57313782177535,125.197086448039,58.9669970928549,0.0296839916168434,634.152142276577,10.9764094298948,5.38478080607659
4.19561950230126,123.59362651898,70.8303668020163,0.0159412321159853,427.190128366335,9.75479902477098,2.82171990642141
3.28860941487211,131.614476877635,61.4799398331084,0.0234394740906212,519.464522747678,5.73876313202576,2.05849649516781
5.68832993115511,171.686477571059,68.0340347123008,0.0204245699781665,454.634135381806,11.9165170787944,4.24414878177912
4.88654943919375,178.394031917672,50.3603872695054,0.042487170184876,700.87576981388,9.81153418796527,4.34380967050447
5.09766958130148,164.621315939192,51.0451226152207,0.0248544932483416,527.227811448106,11.1262825702745,4.15210245498402
6.46769789206115,184.727059785476,51.0934592816366,0.0371663317062525,602.478586580146,13.8602668270833,5.73827575390944
3.14418321442172,139.435545716271,61.7383816387978,0.0356679673195923,606.970216807091,3.62958384935748,2.18065531901909
5.11828001040371,186.647882923692,68.4192959679607,0.0396326889061522,638.611532466027,10.0425777909272,3.86159076018125
6.12003844987038,167.792734092384,99.0796105252336,0.0315226772038693,705.769791646451,9.88822910527134,3.9427564327626
3.61511311276877,113.540740918548,84.9574144779503,0.0219169580805905,606.823640929329,6.18386651085611,2.52544403263699
6.42991400170351,198.344921782758,97.8724549884928,0.0394650684159489,537.192168766997,12.9194158874505,3.72642056453923
5.29151162769324,166.840604050956,71.4528032437199,0.0419603573203219,689.217522737549,10.3377633167461,4.56771327747048
4.20235795181268,118.196025516496,66.2715813365331,0.0175469714846273,482.886109733272,8.39916303073578,3.39052488933951
6.43156355682991,156.40034358801,90.0191939183399,0.0377205114733062,726.59967977964,11.9059813564142,5.36859165170507
5.73254224893418,178.369950874784,91.5448931490821,0.0444939553348807,777.362855572063,9.93168683383501,4.50000940968235
5.56368778432264,157.278786907724,96.7932958807982,0.0413563785776151,777.184532918717,8.2470823138569,4.37091075829922
3.58418962491469,108.826286434417,76.7338035623248,0.0184666243159168,423.638337780391,7.52375971088851,2.77940180977862
6.12594042053315,193.837163464442,57.5321353869059,0.0447100791930401,738.283094375542,13.0793537351906,4.917020929832
6.93059482731399,117.471618699626,99.7088507999932,0.0307416034031207,788.722846254484,13.2821197012276,6.4769901811069
5.01995705220392,150.241711111678,59.2165981402738,0.0314598717585963,595.556088478053,10.3911823391675,4.34219436322169
4.21974402696224,176.887514835194,69.5465545902809,0.0296994622814762,452.843610094655,10.173515542441,2.6879193913996
3.89145622393029,115.801649033401,55.5028425581952,0.0278040513469171,571.17081516671,7.61915260607645,4.03627291367708
3.21180404854691,129.688877387497,42.6311259818471,0.0182790187805484,409.518571236703,7.79110664173606,2.28090109166347
5.60750389864406,182.263402839402,67.3997749244944,0.0339587927598821,561.317672212405,12.1834289350919,4.13357892165079
4.06374386803633,111.694828176892,53.6354644294639,0.033004957764201,700.111888393445,8.15513710816609,4.10519527362037
4.33118369050343,184.132836615737,50.2874177622836,0.031139369677581,510.762852828854,9.88554474800612,3.20518438497281
5.24727626755697,132.537526061705,48.3901664907778,0.0248591752448311,669.408354758035,9.97884102464437,5.19890401543181
5.87789985062098,187.052255031258,90.5926900705618,0.0426030885387647,685.116880950819,11.4118520635628,3.80671415571147
5.23521841986767,103.747805138439,70.4049791998862,0.0396060715979261,793.966168221106,8.84996662032673,5.4693251637317
6.17097930585187,188.865238787274,45.2061793211201,0.0320847979816956,515.104873329663,14.540865287834,5.14512103536248
5.06181468545456,100.610056742258,76.4523215678475,0.0151054229561222,542.284643918523,9.09628761099394,4.73098523796459
6.12180891847912,163.538889729533,87.2861421381744,0.0404452657978615,717.1826856047,11.4311960852032,4.90099097245657
6.35895131445382,198.025911053945,64.9581305677317,0.0437198802041934,700.543190093972,12.8831981318472,4.97641961510888
5.88529469852082,152.906493091399,61.8797806408751,0.0259152248244604,615.717465710459,11.8607111795686,4.78944134276597
5.03906148815989,196.020696258604,86.7731161123235,0.0333068348717071,461.371184300444,10.8853862879604,2.89184113682221
4.97488592079087,147.343749432947,47.1356420912288,0.0226260847946028,495.661815831489,11.6106191069993,4.47255311663184
4.56667230873707,125.638551279231,52.054174101431,0.0224706139481106,531.756851126046,10.5289412212162,3.78156173672154
6.70423925852854,172.157692518896,93.0983113193129,0.0412998689844312,781.234017602481,12.8351223063423,5.70032105698569
4.82859258676435,149.017273416883,53.5179799799475,0.0220193699362724,531.942365995846,10.3648048558329,4.112256479778
3.8243809407338,127.675368346035,41.3927032951869,0.0343268183917153,610.347437018936,9.03927290910053,3.96582587429091
5.53489054104626,187.06896119081,71.6816880855731,0.0348978625848509,535.622160758636,11.7744685452749,3.87570893765595
6.37803662455792,166.127589160117,81.2788559800677,0.0427302898376528,767.732167765025,11.4332500791072,5.65443808115293
6.07945146601967,138.076103936477,83.2610788712452,0.0331113958443063,739.312477399347,11.3912231272079,5.05028852292724
6.14528536975435,104.164639905213,46.7207303516324,0.0233935288957389,738.380710495634,12.7684320675027,6.43880049849982
4.87463868251536,117.878879336019,75.6291313315345,0.0280205445142608,714.648882813853,8.3081323683119,4.46870199446745
6.40783595340542,178.431176231847,81.5580451005098,0.0392881928972526,694.094681453659,12.3629391102235,5.27346844405611
6.75781863484967,185.592253504161,87.9253194977924,0.0354943696481239,595.488931578606,14.5933707836398,5.26758272253131
3.41631227045486,129.16131986199,67.0759078723381,0.0248145610155336,550.159675059774,5.66400234366634,2.64943421176113
4.5497092250308,122.241642515661,49.6154339811656,0.0159605800593922,424.749469281308,11.2576658217262,3.87877896680736
4.0058682051541,118.962955911227,45.7441106620668,0.0177471477253898,411.162791325037,10.5627288788098,3.80661834540533
6.78766443187615,160.452624155497,87.8032856283206,0.0355292062877008,772.867378354176,12.8624638570064,5.86561427342238
5.12681183815235,109.837514027776,75.982385662686,0.0158899704939779,499.956655018082,10.7863442911033,3.81211900559325
5.8879746458949,100.390956768019,67.9481298826021,0.0209845019650928,774.600091777973,9.989220257281,6.38448986624541
4.92922228300899,111.831393314036,82.4733304669422,0.0171076776765821,546.334753675547,9.49984410117066,3.87227883395527
4.76129079589584,180.08704707158,61.9282266840257,0.0375054567665853,642.460909444178,9.99305962038651,3.70718066308081
5.06283138445069,176.169203218206,84.4118825432381,0.0379180609869954,620.858861611715,9.44227650325874,3.66675714089105
3.25139806255969,108.516060961263,63.6390453122713,0.035723253027055,742.971705049694,4.16653983102497,2.99310487660892
4.77343706160516,169.261223265729,68.0260669438885,0.0335103267549424,513.672488967347,10.349668983907,3.64043560423189
5.46770821155728,189.330893181445,76.2311490116077,0.0361203391375658,653.549116679015,10.0820274198019,3.81489215901555
5.55509112792489,125.361308500311,69.9374218798768,0.0211255301396108,551.158040364051,10.906334706114,4.49763477209179
4.78807451366654,198.230871315659,65.0668845655766,0.0378875966003307,492.506606462095,9.74540169367598,3.07821204108141
6.45261874035572,186.921275966979,47.8807011525493,0.0393104591871189,692.09066266789,13.8999696876091,5.73364154647116
5.26764152342439,120.354721170139,85.9212902189489,0.0222111598966296,653.952392660242,9.29112579969037,4.02512666208121
4.76512538884824,115.983293763217,45.6985221996074,0.0245733186642155,663.226369152322,9.61702880043745,4.93515288305006
6.14463305783149,119.987371166028,50.1643383747531,0.0369703704345288,765.302132410211,11.6065455866871,6.30417741438813
4.54358014517479,135.765089031868,81.1542585384861,0.0322361189351781,723.219324346297,6.74978058552878,3.76651186531642
5.59911055239878,100.931960521911,90.2194218006947,0.0183526187704676,684.600448303295,10.1767194848364,4.83621300471106
5.57442248629655,190.264904446556,92.7485379831135,0.0446205939651863,791.424689636026,8.10569338521916,4.0090460366076
4.33878018159909,144.613713375464,62.4018668506564,0.0217533733814986,484.55183232886,9.34590442617145,3.57331920684911
4.33854460990472,102.374943516075,78.4147307695204,0.0186028468561472,685.437606631686,7.00797897356892,4.33366686858988
3.84051642473897,169.885746881221,51.4538924991476,0.0197427779345559,407.324618812488,10.2866593974215,2.42492627166342
4.05728887491674,101.091614858728,53.7194918273339,0.0255086711903081,615.149421415329,9.4863218824505,4.40980809356545
4.27194279979554,105.379718413892,57.3308823271263,0.0176481584593359,497.985410459544,9.73636528015579,3.86965018007909
5.34317930960887,133.723611699972,48.919314241221,0.0385936211261816,729.65093150047,11.2118635675277,5.17809844833104
4.79970093970577,164.733488273697,73.6504779510939,0.0309613540484505,531.23483422739,9.83836171422591,3.41893426175776
5.6393414499744,161.65546503749,90.5502708583588,0.031188431116392,631.24527983793,10.3392881213509,3.99562122000405
3.45059869476213,132.907707780435,51.3527883055645,0.0260505002119573,618.374716321149,6.11467664214,2.82118413014449
5.13351040554045,144.195513391467,98.7147816670036,0.0257591839660616,660.901938016895,7.65665256360592,3.72039210295886
5.83009813104924,149.612771066667,42.4953781043008,0.0328552827251164,663.699613464915,11.9725767788163,5.83405103543643
3.67131158839691,131.089354879418,70.6758810545546,0.0247269753849318,505.357823199986,7.39816114567451,2.80196754997193
6.1584759458872,115.899629952482,94.8815775275934,0.0322192942517205,772.515361172729,9.84011993984134,5.26052479032944
3.84602399483378,104.32671608663,45.4108235840263,0.0189706816557517,518.182442389028,8.63891798538569,4.25144808378819
5.84289384937238,192.729277177589,65.7596504871158,0.0439855994871116,735.280112643075,11.21240877028,4.55545902254722
5.05054817901345,163.275529808028,59.5633266144097,0.0290825688538723,496.314693193478,11.7890780198275,3.76660173723066
5.8325096317202,157.577584309146,48.5073918379496,0.0329469584582093,663.655797362422,11.5142365748339,5.56075126394294
5.69677542491052,181.537820083722,84.7395872454118,0.0428437792411077,740.378865883311,9.81702507240497,4.47578148881937
6.57691903650684,150.014536673322,73.8362741757758,0.0372844052225386,715.867016286349,13.5525603036635,5.7433472461454
6.07637765189888,191.196772495487,58.4360897506443,0.0390252921701408,567.286567738089,13.8853338992968,4.42218697589271
6.13997718297297,141.803304724703,61.4843558361916,0.021273911908221,530.196473571197,13.0004334227201,5.13473501162946
5.37398743556559,125.357903156936,55.9786038982728,0.0302283830627767,683.041586451802,10.7541359836173,4.97250613769812
6.36350699994591,149.09067651463,54.5582433130797,0.031390047099433,589.160741151695,14.6160628240661,5.56620990268562
4.36598579581733,119.020032787454,51.4658381567508,0.0152887440873014,432.08153302874,9.85786499390411,3.8201802408493
4.21080109047976,193.043981059212,47.2152538188979,0.0444292639276062,739.464878368006,7.8957032108867,3.83289790771684
6.82887006620219,197.854385386733,83.5822973142172,0.0437621512119216,756.427516908328,14.4991319730476,5.32543221335103
6.74675978309081,122.364509177702,86.9968467196844,0.0198794138462246,727.508619422381,13.0133499251865,5.97224242207404
3.6046185522347,174.507169210211,41.4929952594112,0.0319042875672353,430.197751687252,9.5439401924835,3.01927593593135
5.91278123515446,168.38730897887,94.9100402185928,0.0413628814244059,762.5421537619,9.39875967890785,4.45949102580727
6.93446099784869,181.298442165182,99.3242539919123,0.0446469500627458,798.414709445335,12.7645865836698,6.37369868250569
4.11393812994773,112.62104930042,84.2048373833254,0.0331244815925559,747.738237408116,6.88380701615567,3.39151473427359
6.32833717202278,172.59132011522,69.619179911897,0.0423430553506424,721.513363276974,12.8779152092789,5.38133921184132
6.47021531690094,166.146384463482,75.361657250003,0.0444492217302802,789.91237358347,12.0878136365889,5.9020455387448
6.03465746356558,108.117756565052,67.1652534352443,0.0298021629903788,727.348536698194,12.0347644836415,5.7032796903018
4.49892679883935,152.133732723621,97.9590547537394,0.0177855238594164,424.392544329128,9.18803447780428,2.12811796228949
4.43878507972686,146.222223951044,49.7465210342197,0.0435140388772544,773.097233352405,7.84633279135031,4.6691207096485
4.45563062061753,165.191269073436,98.49165255192,0.0194558794937187,438.922549176736,8.06157582440234,2.24010251417486
6.294901264233,121.583244509945,93.7038481938613,0.0294903038061502,714.088226974011,11.3174316245727,5.26722045928388
6.47133252448618,130.174734460299,50.2433138952048,0.0344491451139333,786.084966266337,11.6461888531184,6.70322248692826
6.129265838682,112.947154441479,79.893496369451,0.0182594251876668,558.380099933794,11.7433953415088,5.34915328852548
5.94223312094451,173.193409716535,66.5860127691531,0.0274032969984683,499.764412861131,13.1825634299851,4.54137811454392
6.35888734062584,117.415465106863,76.1831722098635,0.0241482664453958,689.373067135706,12.4932538808225,5.52308514512575
3.76710390377007,109.780639769299,56.7930087723451,0.0326074009671948,723.142034499381,7.01287210712125,4.05222407371815
3.94686516044076,120.461621412716,46.6545107599592,0.0156262741277524,406.771204102032,10.2113104710295,3.21477866479352
4.57029480649427,170.976008936419,47.3972672699615,0.0281100877608702,549.815608169906,9.38758710429354,4.07195240166856
3.9332249429789,182.296012998049,82.4525571720409,0.0345591065571998,610.035366311284,7.01781372105543,2.4669777422856
6.86281739783469,136.86995271669,99.0702897683703,0.027396194006675,705.902680947184,13.3317841738816,5.79943365374334
3.63181745725922,135.224601798645,60.2867960397642,0.0376659189439688,644.42308572362,6.68217712985625,3.35303982343644
4.10134483921371,100.714463661494,98.4729831410737,0.0196665072841697,744.485964567365,4.60269226233179,3.87470042530847
6.84384275170042,160.965344333002,98.3219347827377,0.041117281377751,741.045385925824,13.9863876067934,5.72855743970652
5.02968836347756,168.12732727359,62.7132916832363,0.0268884582840698,553.15530892758,9.933720725352,4.1058654081293
3.27267809009982,121.687826810362,50.5907246018374,0.0265122195966865,474.706774113214,6.57777995463917,2.69102143099896
4.73255878802456,117.501906503452,89.4506752776762,0.0293384898391466,702.099712047812,7.97938672110147,4.05920055520285
6.41286010377381,186.099499283819,57.9656186219338,0.0342780201796057,642.569052365003,13.2968690829111,5.13157047366138
5.70718025431137,183.10489967853,92.842690083478,0.0402914172979678,631.102926330273,10.2372201846487,3.86375893921127
3.31954756332547,117.73788086948,59.4351262126322,0.0231865501819033,611.2164805247,4.58905923620334,2.70306032725508
5.871360979064,103.529841228767,53.3640531567932,0.0237004602127529,670.706227140612,12.459958635676,5.90277317093073
6.2381795467628,119.800942454436,90.4379703201056,0.040652992709884,794.28303108372,9.8773076203008,5.82476138119883
5.39799665636385,108.220138014535,96.052283829729,0.0165177827621186,586.368907975588,10.0146538401803,3.5900378536141
4.8690033188522,101.355866490179,56.2852830734125,0.0154705145387088,453.731139531628,11.4378852893204,4.49738337013611
3.34669122632753,136.337659630544,62.8614223065173,0.0219418433764514,493.914965837322,6.14474197704836,2.27768544477834
4.59705828549504,130.661509688588,65.5710945590849,0.0384811037822917,657.625727885785,8.99906585865308,4.20152823334612
3.83179103195725,188.166354017883,52.8305845247643,0.0371992592744929,442.710141784207,8.6960972149395,3.14714610406969
4.85344353411244,122.557532143037,83.9509301980931,0.0212451972963183,640.158124794594,8.40260008855645,4.07732265034365
4.50270917134453,150.102322788247,68.8861241246701,0.0308474632264156,712.313130429764,7.20711662065851,3.96954171213067
3.28621168098944,128.226443061786,44.6367720238721,0.0301213826755756,639.406849777621,5.317819852236,3.01598363753217
4.21912740770251,109.862585758533,97.3886995045846,0.0216889320901633,702.205418522243,5.80942432440921,3.31985284809374
3.89067353301174,111.312584284815,88.4448239361597,0.0402914432673221,791.141794564258,4.35809662620799,3.76904786594842
